USE `essentialmode`;

INSERT INTO `addon_account` (name, label, shared) VALUES
	('reševalec', 'reševalec', 1)
;

INSERT INTO `addon_inventory` (name, label, shared) VALUES
	('reševalec', 'reševalec', 1)
;

INSERT INTO `datastore` (name, label, shared) VALUES
	('reševalec', 'reševalec', 1)
;

INSERT INTO `job_grades` (job_name, grade, name, label, salary, skin_male, skin_female) VALUES
	('reševalec',0,'medicinska sestra','Medicinska sestra',20,'{\"tshirt_2\":0,\"hair_color_1\":5,\"glasses_2\":3,\"shoes\":9,\"torso_2\":3,\"hair_color_2\":0,\"pants_1\":24,\"glasses_1\":4,\"hair_1\":2,\"sex\":0,\"decals_2\":0,\"tshirt_1\":15,\"helmet_1\":8,\"helmet_2\":0,\"arms\":92,\"face\":19,\"decals_1\":60,\"torso_1\":13,\"hair_2\":0,\"skin\":34,\"pants_2\":5}','{\"tshirt_2\":3,\"decals_2\":0,\"glasses\":0,\"hair_1\":2,\"torso_1\":73,\"shoes\":1,\"hair_color_2\":0,\"glasses_1\":19,\"skin\":13,\"face\":6,\"pants_2\":5,\"tshirt_1\":75,\"pants_1\":37,\"helmet_1\":57,\"torso_2\":0,\"arms\":14,\"sex\":1,\"glasses_2\":0,\"decals_1\":0,\"hair_2\":0,\"helmet_2\":0,\"hair_color_1\":0}'),
	('reševalec',1,'doktor','doktor',40,'{\"tshirt_2\":0,\"hair_color_1\":5,\"glasses_2\":3,\"shoes\":9,\"torso_2\":3,\"hair_color_2\":0,\"pants_1\":24,\"glasses_1\":4,\"hair_1\":2,\"sex\":0,\"decals_2\":0,\"tshirt_1\":15,\"helmet_1\":8,\"helmet_2\":0,\"arms\":92,\"face\":19,\"decals_1\":60,\"torso_1\":13,\"hair_2\":0,\"skin\":34,\"pants_2\":5}','{\"tshirt_2\":3,\"decals_2\":0,\"glasses\":0,\"hair_1\":2,\"torso_1\":73,\"shoes\":1,\"hair_color_2\":0,\"glasses_1\":19,\"skin\":13,\"face\":6,\"pants_2\":5,\"tshirt_1\":75,\"pants_1\":37,\"helmet_1\":57,\"torso_2\":0,\"arms\":14,\"sex\":1,\"glasses_2\":0,\"decals_1\":0,\"hair_2\":0,\"helmet_2\":0,\"hair_color_1\":0}'),
	('reševalec',2,'specialist','specialist',60,'{\"tshirt_2\":0,\"hair_color_1\":5,\"glasses_2\":3,\"shoes\":9,\"torso_2\":3,\"hair_color_2\":0,\"pants_1\":24,\"glasses_1\":4,\"hair_1\":2,\"sex\":0,\"decals_2\":0,\"tshirt_1\":15,\"helmet_1\":8,\"helmet_2\":0,\"arms\":92,\"face\":19,\"decals_1\":60,\"torso_1\":13,\"hair_2\":0,\"skin\":34,\"pants_2\":5}','{\"tshirt_2\":3,\"decals_2\":0,\"glasses\":0,\"hair_1\":2,\"torso_1\":73,\"shoes\":1,\"hair_color_2\":0,\"glasses_1\":19,\"skin\":13,\"face\":6,\"pants_2\":5,\"tshirt_1\":75,\"pants_1\":37,\"helmet_1\":57,\"torso_2\":0,\"arms\":14,\"sex\":1,\"glasses_2\":0,\"decals_1\":0,\"hair_2\":0,\"helmet_2\":0,\"hair_color_1\":0}'),
	('reševalec',3,'Šef','Šef',80,'{\"tshirt_2\":0,\"hair_color_1\":5,\"glasses_2\":3,\"shoes\":9,\"torso_2\":3,\"hair_color_2\":0,\"pants_1\":24,\"glasses_1\":4,\"hair_1\":2,\"sex\":0,\"decals_2\":0,\"tshirt_1\":15,\"helmet_1\":8,\"helmet_2\":0,\"arms\":92,\"face\":19,\"decals_1\":60,\"torso_1\":13,\"hair_2\":0,\"skin\":34,\"pants_2\":5}','{\"tshirt_2\":3,\"decals_2\":0,\"glasses\":0,\"hair_1\":2,\"torso_1\":73,\"shoes\":1,\"hair_color_2\":0,\"glasses_1\":19,\"skin\":13,\"face\":6,\"pants_2\":5,\"tshirt_1\":75,\"pants_1\":37,\"helmet_1\":57,\"torso_2\":0,\"arms\":14,\"sex\":1,\"glasses_2\":0,\"decals_1\":0,\"hair_2\":0,\"helmet_2\":0,\"hair_color_1\":0}')
;

INSERT INTO `jobs` (name, label) VALUES
	('reševalec','reševalec')
;

INSERT INTO `items` (name, label, weight) VALUES
	('povoj','Povoj', 2),
	('medkit','Medkit', 2)
;


INSERT INTO `items` (`name`, `label`, `limit`) VALUES
	('kruh', 'Kruh', 10),
	('voda', 'Voda', 5)
;
INSERT INTO `licenses` (`type`, `label`) VALUES
	('CPP', 'CPP'),
	('Vozniško dovoljenje za avto', 'Vozniško dovoljenje za avto'),
	('Vozniško dovoljenje za motor', 'Vozniško dovoljenje za motor'),
	('Vozniško dovoljenje za kamijon', 'Vozniško dovoljenje za kamijon');
INSERT INTO `job_grades` VALUES (1,'nezaposlen',0,'nezaposlen','nezaposlen',200,'{}','{}');
INSERT INTO `jobs` VALUES ('nezaposlen','nezaposlen');
INSERT INTO `addon_account` (name, label, shared) VALUES
	('Mehanik', 'Mehanik', 1)
;

INSERT INTO `addon_inventory` (name, label, shared) VALUES
	('Mehanik', 'Mehanik', 1)
;

INSERT INTO `jobs` (name, label) VALUES
	('Mehanik', 'Mehanik')
;

INSERT INTO `job_grades` (job_name, grade, name, label, salary, skin_male, skin_female) VALUES
	('mehanik',0,'začetnik','Začetnik',12,'{}','{}'),
	('mehanik',1,'novinec','Novinec',24,'{}','{}'),
	('mehanik',2,'izkušen','Izkušen',36,'{}','{}'),
	('mehanik',3,'vodja','Vodja',48,'{}','{}'),
	('mehanik',4,'šef','Šef',0,'{}','{}')
;

INSERT INTO `items` (name, label, weight) VALUES
	('gorivo', 'Gorivo', 2),
	('orodja za popravilo', 'Orodja za popravilo', 2),
	('orodja', 'Orodja', 2),
	('spajkalka', 'Spajkalka', 2),
	('Repair kit', 'Repair kit', 3),
	('body kit', 'Body Kit', 3)
;
INSERT INTO `addon_account` (name, label, shared) VALUES
	('policija', 'Policija', 1)
;

INSERT INTO `datastore` (name, label, shared) VALUES
	('Policija', 'Policija', 1)
;

INSERT INTO `addon_inventory` (name, label, shared) VALUES
	('policija', 'Policija', 1)
;

INSERT INTO `jobs` (name, label) VALUES
	('Policija', 'Policija')
;

INSERT INTO `job_grades` (job_name, grade, name, label, salary, skin_male, skin_female) VALUES
	('policija',0,'Novinec','Novinec',20,'{}','{}'),
	('policija',1,'Častnik','Častnik',40,'{}','{}'),
	('policija',2,'Narednik','Narednik',60,'{}','{}'),
	('policija',3,'Poročnik','Poročnik',85,'{}','{}'),
	('policija',4,'Šef','Šef',100,'{}','{}')
;
INSERT INTO `fine_types` (label, amount, category) VALUES
	('Prečkanje polne črte', 40, 0),
	('Vožnja po napačni strani ceste', 250, 0),
	('Prepovedano obračanje', 250, 0),
	('Nezakonita vožnja izven cestišča', 170, 0),
	('Zavrnitev zakonitega ukaza', 30, 0),
	('Nepravilno ustavljanje', 150, 0),
	('Nepravilno parkiranje', 70, 0),
	('Neupoštevanje ukaza', 70, 0),
	('Napačne informacije o vozilu', 90, 0),
	('Neupoštevanje znakov', 105, 0),
	('Neupoštevanje semaforja', 130, 0),
	('Napačno prehitevanje', 100, 0),
	('Vožnja brez izpita', 1500, 0),
	('Pobeg pred policijo', 800, 0),
	('Prekoračena hitrost < 5 km/h', 90, 0),
	('Prekoračena hitrost 5-15 km/h', 120, 0),
	('Prekoračena hitrost 15-30 km/h', 180, 0),
	('Prekoračena hitrost > 30 km/h', 300, 0),
	('Oviranje prometa', 110, 1),
	('Nepravilno ravnanje', 90, 1),
	('Neupoštevanje policista', 110, 1),
	('Vrebalno nasilje do ljudi', 90, 1),
	('Verbalno nasilje do uradne osebe', 150, 1),
	('Laganje policaju', 250, 1),
	('Poizkus podkupnine', 1500, 1),
	('Uporaba orožja v mestu', 120, 2),
	('Uporaba smrtonosnega orožja v mestu', 300, 2),
	('Lastništvo orožja brez orožnega lista', 600, 2),
	('Lastništvo ielegalnega orožja', 700, 2),
	('Lastništvo orodja za vlamljanje', 300, 2),
	('Kraja vozila', 1800, 2),
	('Prodaja prepovedanih substanc', 1500, 2),
	('Izdelava prepovedanih substanc', 1500, 2),
	('Lastništvo prebovedanih substanc ', 650, 2),
	('Ugrabitev ljudi', 1500, 2),
	('Ugrabitev uradne osebe', 2000, 2),
	('Rop', 650, 2),
	('Oborožen rop trgovine', 650, 2),
	('Oborožen rop banke', 1500, 2),
	('Napad človeka', 2000, 3),
	('Napad uradne osebe', 2500, 3),
	('Poizkus napada človeka', 3000, 3),
	('Poizkus napada uradne osebe', 5000, 3),
	('Umor človeka', 10000, 3),
	('Umor uradne osebe', 30000, 3),
	('Sodelovanje pri ropu, 600, 2'),
	('Poizkus pobega pred policijo pri ropanju, 1500, 3'),
	('Goljufije podjetja', 2000, 2);
;
INSERT INTO `addon_account` (name, label, shared) VALUES
  ('posest-umazandenar','posest-umazandenar',0)
;

INSERT INTO `addon_inventory` (name, label, shared) VALUES
  ('posest','Posest',0)
;

INSERT INTO `datastore` (name, label, shared) VALUES
  ('posest','Posest',0)
;
INSERT INTO `properties` VALUES
  (1,'WhispymoundDrive','2677 Whispymound Drive','{\"y\":564.89,\"z\":182.959,\"x\":119.384}','{\"x\":117.347,\"y\":559.506,\"z\":183.304}','{\"y\":557.032,\"z\":183.301,\"x\":118.037}','{\"y\":567.798,\"z\":182.131,\"x\":119.249}','[]',NULL,1,1,0,'{\"x\":118.748,\"y\":566.573,\"z\":175.697}',1500000),
  (2,'NorthConkerAvenue2045','2045 North Conker Avenue','{\"x\":372.796,\"y\":428.327,\"z\":144.685}','{\"x\":373.548,\"y\":422.982,\"z\":144.907},','{\"y\":420.075,\"z\":145.904,\"x\":372.161}','{\"x\":372.454,\"y\":432.886,\"z\":143.443}','[]',NULL,1,1,0,'{\"x\":377.349,\"y\":429.422,\"z\":137.3}',1500000),
  (3,'RichardMajesticApt2','Richard Majestic, Apt 2','{\"y\":-379.165,\"z\":37.961,\"x\":-936.363}','{\"y\":-365.476,\"z\":113.274,\"x\":-913.097}','{\"y\":-367.637,\"z\":113.274,\"x\":-918.022}','{\"y\":-382.023,\"z\":37.961,\"x\":-943.626}','[]',NULL,1,1,0,'{\"x\":-927.554,\"y\":-377.744,\"z\":112.674}',1700000),
  (4,'NorthConkerAvenue2044','2044 North Conker Avenue','{\"y\":440.8,\"z\":146.702,\"x\":346.964}','{\"y\":437.456,\"z\":148.394,\"x\":341.683}','{\"y\":435.626,\"z\":148.394,\"x\":339.595}','{\"x\":350.535,\"y\":443.329,\"z\":145.764}','[]',NULL,1,1,0,'{\"x\":337.726,\"y\":436.985,\"z\":140.77}',1500000),
  (5,'WildOatsDrive','3655 Wild Oats Drive','{\"y\":502.696,\"z\":136.421,\"x\":-176.003}','{\"y\":497.817,\"z\":136.653,\"x\":-174.349}','{\"y\":495.069,\"z\":136.666,\"x\":-173.331}','{\"y\":506.412,\"z\":135.0664,\"x\":-177.927}','[]',NULL,1,1,0,'{\"x\":-174.725,\"y\":493.095,\"z\":129.043}',1500000),
  (6,'HillcrestAvenue2862','2862 Hillcrest Avenue','{\"y\":596.58,\"z\":142.641,\"x\":-686.554}','{\"y\":591.988,\"z\":144.392,\"x\":-681.728}','{\"y\":590.608,\"z\":144.392,\"x\":-680.124}','{\"y\":599.019,\"z\":142.059,\"x\":-689.492}','[]',NULL,1,1,0,'{\"x\":-680.46,\"y\":588.6,\"z\":136.769}',1500000),
  (7,'LowEndApartment','Appartement de base','{\"y\":-1078.735,\"z\":28.4031,\"x\":292.528}','{\"y\":-1007.152,\"z\":-102.002,\"x\":265.845}','{\"y\":-1002.802,\"z\":-100.008,\"x\":265.307}','{\"y\":-1078.669,\"z\":28.401,\"x\":296.738}','[]',NULL,1,1,0,'{\"x\":265.916,\"y\":-999.38,\"z\":-100.008}',562500),
  (8,'MadWayneThunder','2113 Mad Wayne Thunder','{\"y\":454.955,\"z\":96.462,\"x\":-1294.433}','{"x":-1289.917,"y":449.541,"z":96.902}','{\"y\":446.322,\"z\":96.899,\"x\":-1289.642}','{\"y\":455.453,\"z\":96.517,\"x\":-1298.851}','[]',NULL,1,1,0,'{\"x\":-1287.306,\"y\":455.901,\"z\":89.294}',1500000),
  (9,'HillcrestAvenue2874','2874 Hillcrest Avenue','{\"x\":-853.346,\"y\":696.678,\"z\":147.782}','{\"y\":690.875,\"z\":151.86,\"x\":-859.961}','{\"y\":688.361,\"z\":151.857,\"x\":-859.395}','{\"y\":701.628,\"z\":147.773,\"x\":-855.007}','[]',NULL,1,1,0,'{\"x\":-858.543,\"y\":697.514,\"z\":144.253}',1500000),
  (10,'HillcrestAvenue2868','2868 Hillcrest Avenue','{\"y\":620.494,\"z\":141.588,\"x\":-752.82}','{\"y\":618.62,\"z\":143.153,\"x\":-759.317}','{\"y\":617.629,\"z\":143.153,\"x\":-760.789}','{\"y\":621.281,\"z\":141.254,\"x\":-750.919}','[]',NULL,1,1,0,'{\"x\":-762.504,\"y\":618.992,\"z\":135.53}',1500000),
  (11,'TinselTowersApt12','Tinsel Towers, Apt 42','{\"y\":37.025,\"z\":42.58,\"x\":-618.299}','{\"y\":58.898,\"z\":97.2,\"x\":-603.301}','{\"y\":58.941,\"z\":97.2,\"x\":-608.741}','{\"y\":30.603,\"z\":42.524,\"x\":-620.017}','[]',NULL,1,1,0,'{\"x\":-622.173,\"y\":54.585,\"z\":96.599}',1700000),
  (12,'MiltonDrive','Milton Drive','{\"x\":-775.17,\"y\":312.01,\"z\":84.658}',NULL,NULL,'{\"x\":-775.346,\"y\":306.776,\"z\":84.7}','[]',NULL,0,0,1,NULL,0),
  (13,'Modern1Apartment','Appartement Moderne 1',NULL,'{\"x\":-784.194,\"y\":323.636,\"z\":210.997}','{\"x\":-779.751,\"y\":323.385,\"z\":210.997}',NULL,'[\"apa_v_mp_h_01_a\"]','MiltonDrive',0,1,0,'{\"x\":-766.661,\"y\":327.672,\"z\":210.396}',1300000),
  (14,'Modern2Apartment','Appartement Moderne 2',NULL,'{\"x\":-786.8663,\"y\":315.764,\"z\":186.913}','{\"x\":-781.808,\"y\":315.866,\"z\":186.913}',NULL,'[\"apa_v_mp_h_01_c\"]','MiltonDrive',0,1,0,'{\"x\":-795.735,\"y\":326.757,\"z\":186.313}',1300000),
  (15,'Modern3Apartment','Appartement Moderne 3',NULL,'{\"x\":-774.012,\"y\":342.042,\"z\":195.686}','{\"x\":-779.057,\"y\":342.063,\"z\":195.686}',NULL,'[\"apa_v_mp_h_01_b\"]','MiltonDrive',0,1,0,'{\"x\":-765.386,\"y\":330.782,\"z\":195.08}',1300000),
  (16,'Mody1Apartment','Appartement Mode 1',NULL,'{\"x\":-784.194,\"y\":323.636,\"z\":210.997}','{\"x\":-779.751,\"y\":323.385,\"z\":210.997}',NULL,'[\"apa_v_mp_h_02_a\"]','MiltonDrive',0,1,0,'{\"x\":-766.615,\"y\":327.878,\"z\":210.396}',1300000),
  (17,'Mody2Apartment','Appartement Mode 2',NULL,'{\"x\":-786.8663,\"y\":315.764,\"z\":186.913}','{\"x\":-781.808,\"y\":315.866,\"z\":186.913}',NULL,'[\"apa_v_mp_h_02_c\"]','MiltonDrive',0,1,0,'{\"x\":-795.297,\"y\":327.092,\"z\":186.313}',1300000),
  (18,'Mody3Apartment','Appartement Mode 3',NULL,'{\"x\":-774.012,\"y\":342.042,\"z\":195.686}','{\"x\":-779.057,\"y\":342.063,\"z\":195.686}',NULL,'[\"apa_v_mp_h_02_b\"]','MiltonDrive',0,1,0,'{\"x\":-765.303,\"y\":330.932,\"z\":195.085}',1300000),
  (19,'Vibrant1Apartment','Appartement Vibrant 1',NULL,'{\"x\":-784.194,\"y\":323.636,\"z\":210.997}','{\"x\":-779.751,\"y\":323.385,\"z\":210.997}',NULL,'[\"apa_v_mp_h_03_a\"]','MiltonDrive',0,1,0,'{\"x\":-765.885,\"y\":327.641,\"z\":210.396}',1300000),
  (20,'Vibrant2Apartment','Appartement Vibrant 2',NULL,'{\"x\":-786.8663,\"y\":315.764,\"z\":186.913}','{\"x\":-781.808,\"y\":315.866,\"z\":186.913}',NULL,'[\"apa_v_mp_h_03_c\"]','MiltonDrive',0,1,0,'{\"x\":-795.607,\"y\":327.344,\"z\":186.313}',1300000),
  (21,'Vibrant3Apartment','Appartement Vibrant 3',NULL,'{\"x\":-774.012,\"y\":342.042,\"z\":195.686}','{\"x\":-779.057,\"y\":342.063,\"z\":195.686}',NULL,'[\"apa_v_mp_h_03_b\"]','MiltonDrive',0,1,0,'{\"x\":-765.525,\"y\":330.851,\"z\":195.085}',1300000),
  (22,'Sharp1Apartment','Appartement Persan 1',NULL,'{\"x\":-784.194,\"y\":323.636,\"z\":210.997}','{\"x\":-779.751,\"y\":323.385,\"z\":210.997}',NULL,'[\"apa_v_mp_h_04_a\"]','MiltonDrive',0,1,0,'{\"x\":-766.527,\"y\":327.89,\"z\":210.396}',1300000),
  (23,'Sharp2Apartment','Appartement Persan 2',NULL,'{\"x\":-786.8663,\"y\":315.764,\"z\":186.913}','{\"x\":-781.808,\"y\":315.866,\"z\":186.913}',NULL,'[\"apa_v_mp_h_04_c\"]','MiltonDrive',0,1,0,'{\"x\":-795.642,\"y\":326.497,\"z\":186.313}',1300000),
  (24,'Sharp3Apartment','Appartement Persan 3',NULL,'{\"x\":-774.012,\"y\":342.042,\"z\":195.686}','{\"x\":-779.057,\"y\":342.063,\"z\":195.686}',NULL,'[\"apa_v_mp_h_04_b\"]','MiltonDrive',0,1,0,'{\"x\":-765.503,\"y\":331.318,\"z\":195.085}',1300000),
  (25,'Monochrome1Apartment','Appartement Monochrome 1',NULL,'{\"x\":-784.194,\"y\":323.636,\"z\":210.997}','{\"x\":-779.751,\"y\":323.385,\"z\":210.997}',NULL,'[\"apa_v_mp_h_05_a\"]','MiltonDrive',0,1,0,'{\"x\":-766.289,\"y\":328.086,\"z\":210.396}',1300000),
  (26,'Monochrome2Apartment','Appartement Monochrome 2',NULL,'{\"x\":-786.8663,\"y\":315.764,\"z\":186.913}','{\"x\":-781.808,\"y\":315.866,\"z\":186.913}',NULL,'[\"apa_v_mp_h_05_c\"]','MiltonDrive',0,1,0,'{\"x\":-795.692,\"y\":326.762,\"z\":186.313}',1300000),
  (27,'Monochrome3Apartment','Appartement Monochrome 3',NULL,'{\"x\":-774.012,\"y\":342.042,\"z\":195.686}','{\"x\":-779.057,\"y\":342.063,\"z\":195.686}',NULL,'[\"apa_v_mp_h_05_b\"]','MiltonDrive',0,1,0,'{\"x\":-765.094,\"y\":330.976,\"z\":195.085}',1300000),
  (28,'Seductive1Apartment','Appartement Séduisant 1',NULL,'{\"x\":-784.194,\"y\":323.636,\"z\":210.997}','{\"x\":-779.751,\"y\":323.385,\"z\":210.997}',NULL,'[\"apa_v_mp_h_06_a\"]','MiltonDrive',0,1,0,'{\"x\":-766.263,\"y\":328.104,\"z\":210.396}',1300000),
  (29,'Seductive2Apartment','Appartement Séduisant 2',NULL,'{\"x\":-786.8663,\"y\":315.764,\"z\":186.913}','{\"x\":-781.808,\"y\":315.866,\"z\":186.913}',NULL,'[\"apa_v_mp_h_06_c\"]','MiltonDrive',0,1,0,'{\"x\":-795.655,\"y\":326.611,\"z\":186.313}',1300000),
  (30,'Seductive3Apartment','Appartement Séduisant 3',NULL,'{\"x\":-774.012,\"y\":342.042,\"z\":195.686}','{\"x\":-779.057,\"y\":342.063,\"z\":195.686}',NULL,'[\"apa_v_mp_h_06_b\"]','MiltonDrive',0,1,0,'{\"x\":-765.3,\"y\":331.414,\"z\":195.085}',1300000),
  (31,'Regal1Apartment','Appartement Régal 1',NULL,'{\"x\":-784.194,\"y\":323.636,\"z\":210.997}','{\"x\":-779.751,\"y\":323.385,\"z\":210.997}',NULL,'[\"apa_v_mp_h_07_a\"]','MiltonDrive',0,1,0,'{\"x\":-765.956,\"y\":328.257,\"z\":210.396}',1300000),
  (32,'Regal2Apartment','Appartement Régal 2',NULL,'{\"x\":-786.8663,\"y\":315.764,\"z\":186.913}','{\"x\":-781.808,\"y\":315.866,\"z\":186.913}',NULL,'[\"apa_v_mp_h_07_c\"]','MiltonDrive',0,1,0,'{\"x\":-795.545,\"y\":326.659,\"z\":186.313}',1300000),
  (33,'Regal3Apartment','Appartement Régal 3',NULL,'{\"x\":-774.012,\"y\":342.042,\"z\":195.686}','{\"x\":-779.057,\"y\":342.063,\"z\":195.686}',NULL,'[\"apa_v_mp_h_07_b\"]','MiltonDrive',0,1,0,'{\"x\":-765.087,\"y\":331.429,\"z\":195.123}',1300000),
  (34,'Aqua1Apartment','Appartement Aqua 1',NULL,'{\"x\":-784.194,\"y\":323.636,\"z\":210.997}','{\"x\":-779.751,\"y\":323.385,\"z\":210.997}',NULL,'[\"apa_v_mp_h_08_a\"]','MiltonDrive',0,1,0,'{\"x\":-766.187,\"y\":328.47,\"z\":210.396}',1300000),
  (35,'Aqua2Apartment','Appartement Aqua 2',NULL,'{\"x\":-786.8663,\"y\":315.764,\"z\":186.913}','{\"x\":-781.808,\"y\":315.866,\"z\":186.913}',NULL,'[\"apa_v_mp_h_08_c\"]','MiltonDrive',0,1,0,'{\"x\":-795.658,\"y\":326.563,\"z\":186.313}',1300000),
  (36,'Aqua3Apartment','Appartement Aqua 3',NULL,'{\"x\":-774.012,\"y\":342.042,\"z\":195.686}','{\"x\":-779.057,\"y\":342.063,\"z\":195.686}',NULL,'[\"apa_v_mp_h_08_b\"]','MiltonDrive',0,1,0,'{\"x\":-765.287,\"y\":331.084,\"z\":195.086}',1300000),
  (37,'IntegrityWay','4 Integrity Way','{\"x\":-47.804,\"y\":-585.867,\"z\":36.956}',NULL,NULL,'{\"x\":-54.178,\"y\":-583.762,\"z\":35.798}','[]',NULL,0,0,1,NULL,0),
  (38,'IntegrityWay28','4 Integrity Way - Apt 28',NULL,'{\"x\":-31.409,\"y\":-594.927,\"z\":79.03}','{\"x\":-26.098,\"y\":-596.909,\"z\":79.03}',NULL,'[]','IntegrityWay',0,1,0,'{\"x\":-11.923,\"y\":-597.083,\"z\":78.43}',1700000),
  (39,'IntegrityWay30','4 Integrity Way - Apt 30',NULL,'{\"x\":-17.702,\"y\":-588.524,\"z\":89.114}','{\"x\":-16.21,\"y\":-582.569,\"z\":89.114}',NULL,'[]','IntegrityWay',0,1,0,'{\"x\":-26.327,\"y\":-588.384,\"z\":89.123}',1700000),
  (40,'DellPerroHeights','Dell Perro Heights','{\"x\":-1447.06,\"y\":-538.28,\"z\":33.74}',NULL,NULL,'{\"x\":-1440.022,\"y\":-548.696,\"z\":33.74}','[]',NULL,0,0,1,NULL,0),
  (41,'DellPerroHeightst4','Dell Perro Heights - Apt 28',NULL,'{\"x\":-1452.125,\"y\":-540.591,\"z\":73.044}','{\"x\":-1455.435,\"y\":-535.79,\"z\":73.044}',NULL,'[]','DellPerroHeights',0,1,0,'{\"x\":-1467.058,\"y\":-527.571,\"z\":72.443}',1700000),
  (42,'DellPerroHeightst7','Dell Perro Heights - Apt 30',NULL,'{\"x\":-1451.562,\"y\":-523.535,\"z\":55.928}','{\"x\":-1456.02,\"y\":-519.209,\"z\":55.929}',NULL,'[]','DellPerroHeights',0,1,0,'{\"x\":-1457.026,\"y\":-530.219,\"z\":55.937}',1700000)
;
INSERT INTO `properties` VALUES
  (43, 'MazeBankBuilding', 'Maze Bank Building', '{\"x\":-79.18,\"y\":-795.92,\"z\":43.35}', NULL, NULL, '{\"x\":-72.50,\"y\":-786.92,\"z\":43.40}', '[]', NULL, 0, 0, 1, NULL, 0),
  (44, 'OldSpiceWarm', 'Old Spice Warm', NULL, '{\"x\":-75.69,\"y\":-827.08,\"z\":242.43}', '{\"x\":-75.51,\"y\":-823.90,\"z\":242.43}', NULL, '[\"ex_dt1_11_office_01a\"]', 'MazeBankBuilding', 0, 1, 0, '{\"x\":-71.81,\"y\":-814.34,\"z\":242.39}', 5000000),
  (45, 'OldSpiceClassical', 'Old Spice Classical', NULL, '{\"x\":-75.69,\"y\":-827.08,\"z\":242.43}', '{\"x\":-75.51,\"y\":-823.90,\"z\":242.43}', NULL, '[\"ex_dt1_11_office_01b\"]', 'MazeBankBuilding', 0, 1, 0, '{\"x\":-71.81,\"y\":-814.34,\"z\":242.39}', 5000000),
  (46, 'OldSpiceVintage', 'Old Spice Vintage', NULL, '{\"x\":-75.69,\"y\":-827.08,\"z\":242.43}', '{\"x\":-75.51,\"y\":-823.90,\"z\":242.43}', NULL, '[\"ex_dt1_11_office_01c\"]', 'MazeBankBuilding', 0, 1, 0, '{\"x\":-71.81,\"y\":-814.34,\"z\":242.39}', 5000000),
  (47, 'ExecutiveRich', 'Executive Rich', NULL, '{\"x\":-75.69,\"y\":-827.08,\"z\":242.43}', '{\"x\":-75.51,\"y\":-823.90,\"z\":242.43}', NULL, '[\"ex_dt1_11_office_02b\"]', 'MazeBankBuilding', 0, 1, 0, '{\"x\":-71.81,\"y\":-814.34,\"z\":242.39}', 5000000),
  (48, 'ExecutiveCool', 'Executive Cool', NULL, '{\"x\":-75.69,\"y\":-827.08,\"z\":242.43}', '{\"x\":-75.51,\"y\":-823.90,\"z\":242.43}', NULL, '[\"ex_dt1_11_office_02c\"]', 'MazeBankBuilding', 0, 1, 0, '{\"x\":-71.81,\"y\":-814.34,\"z\":242.39}', 5000000),
  (49, 'ExecutiveContrast', 'Executive Contrast', NULL, '{\"x\":-75.69,\"y\":-827.08,\"z\":242.43}', '{\"x\":-75.51,\"y\":-823.90,\"z\":242.43}', NULL, '[\"ex_dt1_11_office_02a\"]', 'MazeBankBuilding', 0, 1, 0, '{\"x\":-71.81,\"y\":-814.34,\"z\":242.39}', 5000000),
  (50, 'PowerBrokerIce', 'Power Broker Ice', NULL, '{\"x\":-75.69,\"y\":-827.08,\"z\":242.43}', '{\"x\":-75.51,\"y\":-823.90,\"z\":242.43}', NULL, '[\"ex_dt1_11_office_03a\"]', 'MazeBankBuilding', 0, 1, 0, '{\"x\":-71.81,\"y\":-814.34,\"z\":242.39}', 5000000),
  (51, 'PowerBrokerConservative', 'Power Broker Conservative', NULL, '{"x":-75.69,"y":-827.08,"z":242.43}', '{\"x\":-75.51,\"y\":-823.90,\"z\":242.43}', NULL, '[\"ex_dt1_11_office_03b\"]', 'MazeBankBuilding', 0, 1, 0, '{\"x\":-71.81,\"y\":-814.34,\"z\":242.39}', 5000000),
  (52, 'PowerBrokerPolished', 'Power Broker Polished', NULL, '{\"x\":-75.69,\"y\":-827.08,\"z\":242.43}', '{\"x\":-75.51,\"y\":-823.90,\"z\":242.43}', NULL, '[\"ex_dt1_11_office_03c\"]', 'MazeBankBuilding', 0, 1, 0, '{\"x\":-71.81,\"y\":-814.34,\"z\":242.39}', 5000000),
  (53, 'LomBank', 'Lom Bank', '{\"x\":-1581.36,\"y\":-558.23,\"z\":34.07}', NULL, NULL, '{\"x\":-1583.60,\"y\":-555.12,\"z\":34.07}', '[]', NULL, 0, 0, 1, NULL, 0),
  (54, 'LBOldSpiceWarm', 'LB Old Spice Warm', NULL, '{\"x\":-1579.53,\"y\":-564.89,\"z\":107.62}', '{\"x\":-1576.42,\"y\":-567.57,\"z\":107.62}', NULL, '[\"ex_sm_13_office_01a\"]', 'LomBank', 0, 1, 0, '{\"x\":-1571.26,\"y\":-575.76,\"z\":107.52}', 3500000),
  (55, 'LBOldSpiceClassical', 'LB Old Spice Classical', NULL, '{\"x\":-1579.53,\"y\":-564.89,\"z\":107.62}', '{\"x\":-1576.42,\"y\":-567.57,\"z\":107.62}', NULL, '[\"ex_sm_13_office_01b\"]', 'LomBank', 0, 1, 0, '{\"x\":-1571.26,\"y\":-575.76,\"z\":107.52}', 3500000),
  (56, 'LBOldSpiceVintage', 'LB Old Spice Vintage', NULL, '{\"x\":-1579.53,\"y\":-564.89,\"z\":107.62}', '{\"x\":-1576.42,\"y\":-567.57,\"z\":107.62}', NULL, '[\"ex_sm_13_office_01c\"]', 'LomBank', 0, 1, 0, '{\"x\":-1571.26,\"y\":-575.76,\"z\":107.52}', 3500000),
  (57, 'LBExecutiveRich', 'LB Executive Rich', NULL, '{\"x\":-1579.53,\"y\":-564.89,\"z\":107.62}', '{\"x\":-1576.42,\"y\":-567.57,\"z\":107.62}', NULL, '[\"ex_sm_13_office_02b\"]', 'LomBank', 0, 1, 0, '{\"x\":-1571.26,\"y\":-575.76,\"z\":107.52}', 3500000),
  (58, 'LBExecutiveCool', 'LB Executive Cool', NULL, '{\"x\":-1579.53,\"y\":-564.89,\"z\":107.62}', '{\"x\":-1576.42,\"y\":-567.57,\"z\":107.62}', NULL, '[\"ex_sm_13_office_02c\"]', 'LomBank', 0, 1, 0, '{\"x\":-1571.26,\"y\":-575.76,\"z\":107.52}', 3500000),
  (59, 'LBExecutiveContrast', 'LB Executive Contrast', NULL, '{\"x\":-1579.53,\"y\":-564.89,\"z\":107.62}', '{\"x\":-1576.42,\"y\":-567.57,\"z\":107.62}', NULL, '[\"ex_sm_13_office_02a\"]', 'LomBank', 0, 1, 0, '{\"x\":-1571.26,\"y\":-575.76,\"z\":107.52}', 3500000),
  (60, 'LBPowerBrokerIce', 'LB Power Broker Ice', NULL, '{\"x\":-1579.53,\"y\":-564.89,\"z\":107.62}', '{\"x\":-1576.42,\"y\":-567.57,\"z\":107.62}', NULL, '[\"ex_sm_13_office_03a\"]', 'LomBank', 0, 1, 0, '{\"x\":-1571.26,\"y\":-575.76,\"z\":107.52}', 3500000),
  (61, 'LBPowerBrokerConservative', 'LB Power Broker Conservative', NULL, '{\"x\":-1579.53,\"y\":-564.89,\"z\":107.62}', '{\"x\":-1576.42,\"y\":-567.57,\"z\":107.62}', NULL, '[\"ex_sm_13_office_03b\"]', 'LomBank', 0, 1, 0, '{\"x\":-1571.26,\"y\":-575.76,\"z\":107.52}', 3500000),
  (62, 'LBPowerBrokerPolished', 'LB Power Broker Polished', NULL, '{\"x\":-1579.53,\"y\":-564.89,\"z\":107.62}', '{\"x\":-1576.42,\"y\":-567.57,\"z\":107.62}', NULL, '[\"ex_sm_13_office_03c\"]', 'LomBank', 0, 1, 0, '{\"x\":-1571.26,\"y\":-575.76,\"z\":107.52}', 3500000),
  (63, 'MazeBankWest', 'Maze Bank West', '{\"x\":-1379.58,\"y\":-499.63,\"z\":32.22}', NULL, NULL, '{\"x\":-1378.95,\"y\":-502.82,\"z\":32.22}', '[]', NULL, 0, 0, 1, NULL, 0),
  (64, 'MBWOldSpiceWarm', 'MBW Old Spice Warm', NULL, '{\"x\":-1392.74,\"y\":-480.18,\"z\":71.14}', '{\"x\":-1389.43,\"y\":-479.01,\"z\":71.14}', NULL, '[\"ex_sm_15_office_01a\"]', 'MazeBankWest', 0, 1, 0, '{\"x\":-1390.76,\"y\":-479.22,\"z\":72.04}', 2700000),
  (65, 'MBWOldSpiceClassical', 'MBW Old Spice Classical', NULL, '{\"x\":-1392.74,\"y\":-480.18,\"z\":71.14}', '{\"x\":-1389.43,\"y\":-479.01,\"z\":71.14}', NULL, '[\"ex_sm_15_office_01b\"]', 'MazeBankWest', 0, 1, 0, '{\"x\":-1390.76,\"y\":-479.22,\"z\":72.04}', 2700000),
  (66, 'MBWOldSpiceVintage', 'MBW Old Spice Vintage', NULL, '{\"x\":-1392.74,\"y\":-480.18,\"z\":71.14}', '{\"x\":-1389.43,\"y\":-479.01,\"z\":71.14}', NULL, '[\"ex_sm_15_office_01c\"]', 'MazeBankWest', 0, 1, 0, '{\"x\":-1390.76,\"y\":-479.22,\"z\":72.04}', 2700000),
  (67, 'MBWExecutiveRich', 'MBW Executive Rich', NULL, '{\"x\":-1392.74,\"y\":-480.18,\"z\":71.14}', '{\"x\":-1389.43,\"y\":-479.01,\"z\":71.14}', NULL, '[\"ex_sm_15_office_02b\"]', 'MazeBankWest', 0, 1, 0, '{\"x\":-1390.76,\"y\":-479.22,\"z\":72.04}', 2700000),
  (68, 'MBWExecutiveCool', 'MBW Executive Cool', NULL, '{\"x\":-1392.74,\"y\":-480.18,\"z\":71.14}', '{\"x\":-1389.43,\"y\":-479.01,\"z\":71.14}', NULL, '[\"ex_sm_15_office_02c\"]', 'MazeBankWest', 0, 1, 0, '{\"x\":-1390.76,\"y\":-479.22,\"z\":72.04}', 2700000),
  (69, 'MBWExecutive Contrast', 'MBW Executive Contrast', NULL, '{\"x\":-1392.74,\"y\":-480.18,\"z\":71.14}', '{\"x\":-1389.43,\"y\":-479.01,\"z\":71.14}', NULL, '[\"ex_sm_15_office_02a\"]', 'MazeBankWest', 0, 1, 0, '{\"x\":-1390.76,\"y\":-479.22,\"z\":72.04}', 2700000),
  (70, 'MBWPowerBrokerIce', 'MBW Power Broker Ice', NULL, '{\"x\":-1392.74,\"y\":-480.18,\"z\":71.14}', '{\"x\":-1389.43,\"y\":-479.01,\"z\":71.14}', NULL, '[\"ex_sm_15_office_03a\"]', 'MazeBankWest', 0, 1, 0, '{\"x\":-1390.76,\"y\":-479.22,\"z\":72.04}', 2700000),
  (71, 'MBWPowerBrokerConvservative', 'MBW Power Broker Convservative', NULL, '{\"x\":-1392.74,\"y\":-480.18,\"z\":71.14}', '{\"x\":-1389.43,\"y\":-479.01,\"z\":71.14}', NULL, '[\"ex_sm_15_office_03b\"]', 'MazeBankWest', 0, 1, 0, '{\"x\":-1390.76,\"y\":-479.22,\"z\":72.04}', 2700000),
  (72, 'MBWPowerBrokerPolished', 'MBW Power Broker Polished', NULL, '{\"x\":-1392.74,\"y\":-480.18,\"z\":71.14}', '{\"x\":-1389.43,\"y\":-479.01,\"z\":71.14}', NULL, '[\"ex_sm_15_office_03c\"]', 'MazeBankWest', 0, 1, 0, '{\"x\":-1390.76,\"y\":-479.22,\"z\":72.04}', 2700000);
;
INSERT INTO `addon_account` (name, label, shared) VALUES
	('nepremičninski agent','nepremičninski agent',1)
;

INSERT INTO `jobs` (name, label) VALUES
	('nepremičninski agent','nepremičninski agent')
;

INSERT INTO `job_grades` (job_name, grade, name, label, salary, skin_male, skin_female) VALUES
	('nepremičninski agent',0,'najemniajemni Agent','Najemni Agent',10,'{}','{}'),
	('nepremičninski agent',1,'prodajalec','Prodajalec',25,'{}','{}'),
	('nepremičninski agent',2,'Upravitelj','Upravitelj',40,'{}','{}'),
	('nepremičninski agent',3,'Šef','Šef',0,'{}','{}')
;
INSERT INTO `shops` (store, item, price) VALUES
	('Mercator','kruh',30),
	('Mercator','voda',15),
	('Hofer','kruh',30),
	('Hofer','voda',15),
	('Tuš','kruh',30),
	('Tuš','voda',15)
;
INSERT INTO `addon_account` (name, label, shared) VALUES
	('Taxi', 'Taxi', 1)
;

INSERT INTO `datastore` (name, label, shared) VALUES
	('Taxi', 'Taxi', 1)
;

INSERT INTO `addon_inventory` (name, label, shared) VALUES
	('Taxi', 'Taxi', 1)
;

INSERT INTO `jobs` (name, label) VALUES
	('Taxi', 'Taxi')
;

INSERT INTO `job_grades` (job_name, grade, name, label, salary, skin_male, skin_female) VALUES
	('taxi',0,'Začetnik','Začetnik',12,'{"hair_2":0,"hair_color_2":0,"torso_1":32,"bags_1":0,"helmet_2":0,"chain_2":0,"eyebrows_3":0,"makeup_3":0,"makeup_2":0,"tshirt_1":31,"makeup_1":0,"bags_2":0,"makeup_4":0,"eyebrows_4":0,"chain_1":0,"lipstick_4":0,"bproof_2":0,"hair_color_1":0,"decals_2":0,"pants_2":0,"age_2":0,"glasses_2":0,"ears_2":0,"arms":27,"lipstick_1":0,"ears_1":-1,"mask_2":0,"sex":0,"lipstick_3":0,"helmet_1":-1,"shoes_2":0,"beard_2":0,"beard_1":0,"lipstick_2":0,"beard_4":0,"glasses_1":0,"bproof_1":0,"mask_1":0,"decals_1":1,"hair_1":0,"eyebrows_2":0,"beard_3":0,"age_1":0,"tshirt_2":0,"skin":0,"torso_2":0,"eyebrows_1":0,"face":0,"shoes_1":10,"pants_1":24}', '{"hair_2":0,"hair_color_2":0,"torso_1":57,"bags_1":0,"helmet_2":0,"chain_2":0,"eyebrows_3":0,"makeup_3":0,"makeup_2":0,"tshirt_1":38,"makeup_1":0,"bags_2":0,"makeup_4":0,"eyebrows_4":0,"chain_1":0,"lipstick_4":0,"bproof_2":0,"hair_color_1":0,"decals_2":0,"pants_2":1,"age_2":0,"glasses_2":0,"ears_2":0,"arms":21,"lipstick_1":0,"ears_1":-1,"mask_2":0,"sex":1,"lipstick_3":0,"helmet_1":-1,"shoes_2":0,"beard_2":0,"beard_1":0,"lipstick_2":0,"beard_4":0,"glasses_1":5,"bproof_1":0,"mask_1":0,"decals_1":1,"hair_1":0,"eyebrows_2":0,"beard_3":0,"age_1":0,"tshirt_2":0,"skin":0,"torso_2":0,"eyebrows_1":0,"face":0,"shoes_1":49,"pants_1":11}'),
	('taxi',1,'novinec','Novinec',24,'{"hair_2":0,"hair_color_2":0,"torso_1":32,"bags_1":0,"helmet_2":0,"chain_2":0,"eyebrows_3":0,"makeup_3":0,"makeup_2":0,"tshirt_1":31,"makeup_1":0,"bags_2":0,"makeup_4":0,"eyebrows_4":0,"chain_1":0,"lipstick_4":0,"bproof_2":0,"hair_color_1":0,"decals_2":0,"pants_2":0,"age_2":0,"glasses_2":0,"ears_2":0,"arms":27,"lipstick_1":0,"ears_1":-1,"mask_2":0,"sex":0,"lipstick_3":0,"helmet_1":-1,"shoes_2":0,"beard_2":0,"beard_1":0,"lipstick_2":0,"beard_4":0,"glasses_1":0,"bproof_1":0,"mask_1":0,"decals_1":1,"hair_1":0,"eyebrows_2":0,"beard_3":0,"age_1":0,"tshirt_2":0,"skin":0,"torso_2":0,"eyebrows_1":0,"face":0,"shoes_1":10,"pants_1":24}', '{"hair_2":0,"hair_color_2":0,"torso_1":57,"bags_1":0,"helmet_2":0,"chain_2":0,"eyebrows_3":0,"makeup_3":0,"makeup_2":0,"tshirt_1":38,"makeup_1":0,"bags_2":0,"makeup_4":0,"eyebrows_4":0,"chain_1":0,"lipstick_4":0,"bproof_2":0,"hair_color_1":0,"decals_2":0,"pants_2":1,"age_2":0,"glasses_2":0,"ears_2":0,"arms":21,"lipstick_1":0,"ears_1":-1,"mask_2":0,"sex":1,"lipstick_3":0,"helmet_1":-1,"shoes_2":0,"beard_2":0,"beard_1":0,"lipstick_2":0,"beard_4":0,"glasses_1":5,"bproof_1":0,"mask_1":0,"decals_1":1,"hair_1":0,"eyebrows_2":0,"beard_3":0,"age_1":0,"tshirt_2":0,"skin":0,"torso_2":0,"eyebrows_1":0,"face":0,"shoes_1":49,"pants_1":11}'),
	('taxi',2,'izkušen','Izkušen',36,'{"hair_2":0,"hair_color_2":0,"torso_1":26,"bags_1":0,"helmet_2":0,"chain_2":0,"eyebrows_3":0,"makeup_3":0,"makeup_2":0,"tshirt_1":57,"makeup_1":0,"bags_2":0,"makeup_4":0,"eyebrows_4":0,"chain_1":0,"lipstick_4":0,"bproof_2":0,"hair_color_1":0,"decals_2":0,"pants_2":4,"age_2":0,"glasses_2":0,"ears_2":0,"arms":11,"lipstick_1":0,"ears_1":-1,"mask_2":0,"sex":0,"lipstick_3":0,"helmet_1":-1,"shoes_2":0,"beard_2":0,"beard_1":0,"lipstick_2":0,"beard_4":0,"glasses_1":0,"bproof_1":0,"mask_1":0,"decals_1":0,"hair_1":0,"eyebrows_2":0,"beard_3":0,"age_1":0,"tshirt_2":0,"skin":0,"torso_2":0,"eyebrows_1":0,"face":0,"shoes_1":10,"pants_1":24}', '{"hair_2":0,"hair_color_2":0,"torso_1":57,"bags_1":0,"helmet_2":0,"chain_2":0,"eyebrows_3":0,"makeup_3":0,"makeup_2":0,"tshirt_1":38,"makeup_1":0,"bags_2":0,"makeup_4":0,"eyebrows_4":0,"chain_1":0,"lipstick_4":0,"bproof_2":0,"hair_color_1":0,"decals_2":0,"pants_2":1,"age_2":0,"glasses_2":0,"ears_2":0,"arms":21,"lipstick_1":0,"ears_1":-1,"mask_2":0,"sex":1,"lipstick_3":0,"helmet_1":-1,"shoes_2":0,"beard_2":0,"beard_1":0,"lipstick_2":0,"beard_4":0,"glasses_1":5,"bproof_1":0,"mask_1":0,"decals_1":1,"hair_1":0,"eyebrows_2":0,"beard_3":0,"age_1":0,"tshirt_2":0,"skin":0,"torso_2":0,"eyebrows_1":0,"face":0,"shoes_1":49,"pants_1":11}'),
	('taxi',3,'odličen','odličen',48,'{"hair_2":0,"hair_color_2":0,"torso_1":26,"bags_1":0,"helmet_2":0,"chain_2":0,"eyebrows_3":0,"makeup_3":0,"makeup_2":0,"tshirt_1":57,"makeup_1":0,"bags_2":0,"makeup_4":0,"eyebrows_4":0,"chain_1":0,"lipstick_4":0,"bproof_2":0,"hair_color_1":0,"decals_2":0,"pants_2":4,"age_2":0,"glasses_2":0,"ears_2":0,"arms":11,"lipstick_1":0,"ears_1":-1,"mask_2":0,"sex":0,"lipstick_3":0,"helmet_1":-1,"shoes_2":0,"beard_2":0,"beard_1":0,"lipstick_2":0,"beard_4":0,"glasses_1":0,"bproof_1":0,"mask_1":0,"decals_1":0,"hair_1":0,"eyebrows_2":0,"beard_3":0,"age_1":0,"tshirt_2":0,"skin":0,"torso_2":0,"eyebrows_1":0,"face":0,"shoes_1":10,"pants_1":24}', '{"hair_2":0,"hair_color_2":0,"torso_1":57,"bags_1":0,"helmet_2":0,"chain_2":0,"eyebrows_3":0,"makeup_3":0,"makeup_2":0,"tshirt_1":38,"makeup_1":0,"bags_2":0,"makeup_4":0,"eyebrows_4":0,"chain_1":0,"lipstick_4":0,"bproof_2":0,"hair_color_1":0,"decals_2":0,"pants_2":1,"age_2":0,"glasses_2":0,"ears_2":0,"arms":21,"lipstick_1":0,"ears_1":-1,"mask_2":0,"sex":1,"lipstick_3":0,"helmet_1":-1,"shoes_2":0,"beard_2":0,"beard_1":0,"lipstick_2":0,"beard_4":0,"glasses_1":5,"bproof_1":0,"mask_1":0,"decals_1":1,"hair_1":0,"eyebrows_2":0,"beard_3":0,"age_1":0,"tshirt_2":0,"skin":0,"torso_2":0,"eyebrows_1":0,"face":0,"shoes_1":49,"pants_1":11}'),
	('taxi',4,'šef','šef',0,'{"hair_2":0,"hair_color_2":0,"torso_1":29,"bags_1":0,"helmet_2":0,"chain_2":0,"eyebrows_3":0,"makeup_3":0,"makeup_2":0,"tshirt_1":31,"makeup_1":0,"bags_2":0,"makeup_4":0,"eyebrows_4":0,"chain_1":0,"lipstick_4":0,"bproof_2":0,"hair_color_1":0,"decals_2":0,"pants_2":4,"age_2":0,"glasses_2":0,"ears_2":0,"arms":1,"lipstick_1":0,"ears_1":-1,"mask_2":0,"sex":0,"lipstick_3":0,"helmet_1":-1,"shoes_2":0,"beard_2":0,"beard_1":0,"lipstick_2":0,"beard_4":0,"glasses_1":0,"bproof_1":0,"mask_1":0,"decals_1":0,"hair_1":0,"eyebrows_2":0,"beard_3":0,"age_1":0,"tshirt_2":0,"skin":0,"torso_2":4,"eyebrows_1":0,"face":0,"shoes_1":10,"pants_1":24}', '{"hair_2":0,"hair_color_2":0,"torso_1":57,"bags_1":0,"helmet_2":0,"chain_2":0,"eyebrows_3":0,"makeup_3":0,"makeup_2":0,"tshirt_1":38,"makeup_1":0,"bags_2":0,"makeup_4":0,"eyebrows_4":0,"chain_1":0,"lipstick_4":0,"bproof_2":0,"hair_color_1":0,"decals_2":0,"pants_2":1,"age_2":0,"glasses_2":0,"ears_2":0,"arms":21,"lipstick_1":0,"ears_1":-1,"mask_2":0,"sex":1,"lipstick_3":0,"helmet_1":-1,"shoes_2":0,"beard_2":0,"beard_1":0,"lipstick_2":0,"beard_4":0,"glasses_1":5,"bproof_1":0,"mask_1":0,"decals_1":1,"hair_1":0,"eyebrows_2":0,"beard_3":0,"age_1":0,"tshirt_2":0,"skin":0,"torso_2":0,"eyebrows_1":0,"face":0,"shoes_1":49,"pants_1":11}')
;
INSERT INTO `licenses` (`type`, `label`) VALUES
	('orožni list', 'orožni list')
;

INSERT INTO `weashops` (`zone`, `item`, `price`) VALUES
	('Trgovina','Pištola', 300),
	('ČrnTrg','Pištola', 500),
	('Trgovina', 'Svetilka', 60),
	('ČrnTrg', 'Svetilka', 70),
	('Trgovina', 'Mačeta', 90),
	('ČrnTrg', 'Mačeta', 110),
	('Trgovina', 'Pendrek', 150),
	('ČrnTrg', 'Pendrek', 150),
	('Trgovina', 'Kij', 100),
	('ČrnTrg', 'Kij', 100),
	('Trgovina', 'Elektrošok', 50),
	('ČrnTrg', 'Elektrošok', 50),
	('Trgovina', 'MiniBrzostrelka', 1400),
	('ČrnTrg', 'MinuBrzostrelka', 1700),
	('Trgovina', 'ZračnaŠibrovka', 3400),
	('ČrnTrg', 'ZračnaŠibrovka', 3500),
	('Trgovina', 'AvtomatskaPuška', 10000),
	('ČrnTrg', 'AvtomatskaPuška', 11000),
	('Trgovina', 'JurišnaPuška', 15000),
	('ČrnTrg', 'JurišnaPuška', 16500),
	('Trgovina', 'OstrostrelnaPuška', 22000),
	('ČrnTrg', 'OstrostrelnaPuška', 24000),
	('Trgovina', 'Granata', 500),
	('ČrnTrg', 'Granata', 650),
	('Trgovina', 'DimnaBomba', 100),
	('ČrnTrg', 'DimnaBomba', 100),
	('ČrnTrg', 'APPISTOL', 1100),
	('ČrnTrg', 'Karabinka', 12000),
	('ČrnTrg', 'TežkaOstrostrelnaPuška', 30000),
	('ČrnTrg', 'MINIGUN', 45000),
	('ČrnTrg', 'RAILGUN', 50000),
	('ČrnTrg', 'C4', 500)
;
INSERT INTO `items` (`name`, `label`, `weight`, `rare`, `can_remove`) VALUES
	('kanabis', 'Kanabis, 3, 0, 1),
	('marijuana', 'Marijuana', 2, 0, 1)
;

INSERT INTO `licenses` (`type`, `label`) VALUES
	('Procesiranje trave', 'Procesiranje trave')
;
